<?xml version="1.0" ?><epcis:EPCISDocument xmlns:epcis="urn:epcglobal:epcis:xsd:1" xmlns:cbvmda="cbvmda" schemaVersion="1.2" creationDate="2023-02-05T09:50:36.886Z"><EPCISBody><EventList><ObjectEvent><eventTime>2023-02-05T09:50:36.886-05:00</eventTime><eventTimeZoneOffset>-05:00</eventTimeZoneOffset><epcList><epc>urn:epc:id:sgtin:081005593.1919.1QH001006</epc></epcList><action>ADD</action><bizStep>urn:epcglobal:cbv:bizstep:commissioning</bizStep><disposition>urn:epcglobal:cbv:disp:active</disposition><readPoint><id>urn:epc:id:sgln:081005593.129.1293</id></readPoint><bizLocation><id>urn:epc:id:sgln:081005593.129.1293</id></bizLocation><extension><ilmd><cbvmda:lotNumber>TRT001</cbvmda:lotNumber><cbvmda:itemExpirationDate>2023-05-01</cbvmda:itemExpirationDate></ilmd></extension></ObjectEvent></EventList></EPCISBody></epcis:EPCISDocument>