<?xml version="1.0" ?><epcis:EPCISDocument xmlns:epcis="urn:epcglobal:epcis:xsd:1" schemaVersion="1.2" creationDate="2023-02-05T09:53:34.006Z"><EPCISBody><EventList><ObjectEvent><eventTime>2023-02-05T09:53:34.006-05:00</eventTime><eventTimeZoneOffset>-05:00</eventTimeZoneOffset><epcList><epc>urn:epc:id:sscc:810055938.01200001</epc></epcList><action>OBSERVE</action><bizStep>urn:epcglobal:cbv:bizstep:shipping</bizStep><disposition>urn:epcglobal:cbv:disp:in_transit</disposition><readPoint><id>urn:epc:id:sgln:081005593.129.1293</id></readPoint><bizTransactionList><bizTransaction type="urn:epcglobal:cbv:btt:po">urn:epcglobal:cbv:bt:0850020317912:1234566</bizTransaction></bizTransactionList><extension><sourceList><source type="urn:epcglobal:cbv:sdt:owning_party">081005593.129.1293</source><source type="urn:epcglobal:cbv:sdt:location">081005593.129.1293</source></sourceList><destinationList><destination type="urn:epcglobal:cbv:sdt:owning_party">0850020317912</destination><destination type="urn:epcglobal:cbv:sdt:location">0850020317929</destination></destinationList></extension></ObjectEvent></EventList></EPCISBody></epcis:EPCISDocument>