<?xml version="1.0" ?><epcis:EPCISDocument xmlns:epcis="urn:epcglobal:epcis:xsd:1" schemaVersion="1.2" creationDate="2023-02-05T09:53:39.886Z"><EPCISBody><EventList><ObjectEvent><eventTime>2023-02-05T09:53:39.886-05:00</eventTime><eventTimeZoneOffset>-05:00</eventTimeZoneOffset><epcList><epc>urn:epc:id:sscc:810055938.01200001</epc></epcList><action>ADD</action><bizStep>urn:epcglobal:cbv:bizstep:commissioning</bizStep><disposition>urn:epcglobal:cbv:disp:active</disposition><readPoint><id>urn:epc:id:sgln:081005593.129.1293</id></readPoint><bizLocation><id>urn:epc:id:sgln:081005593.129.1293</id></bizLocation></ObjectEvent></EventList></EPCISBody></epcis:EPCISDocument>