<?xml version="1.0" ?><epcis:EPCISDocument xmlns:epcis="urn:epcglobal:epcis:xsd:1" schemaVersion="1.2" creationDate="2023-02-05T09:53:56.457Z"><EPCISBody><EventList><AggregationEvent><eventTime>2023-02-05T09:53:56.457-05:00</eventTime><eventTimeZoneOffset>-05:00</eventTimeZoneOffset><parentID>urn:epc:id:sscc:810055938.01200001</parentID><childEPCs><epc>urn:epc:id:sgtin:081005593.1919.1QH001006</epc></childEPCs><action>ADD</action><bizStep>urn:epcglobal:cbv:bizstep:packing</bizStep><disposition>urn:epcglobal:cbv:disp:in_progress</disposition><readPoint><id>urn:epc:id:sgln:081005593.129.1293</id></readPoint><bizLocation><id>urn:epc:id:sgln:081005593.129.1293</id></bizLocation></AggregationEvent></EventList></EPCISBody></epcis:EPCISDocument>